story_id,tweet_count,retweet_count,reply_count,total_engagement
story_reviews_00000,212,191,19,422
story_reviews_00001,32,1,0,33
story_reviews_00002,43,80,10,133
story_reviews_00003,101,6,2,109
story_reviews_00004,28,4,0,32
story_reviews_00005,164,91,41,296
story_reviews_00006,67,5,0,72
story_reviews_00007,22,4,0,26
story_reviews_00008,549,383,31,963
story_reviews_00009,300,204,32,536
story_reviews_00010,45,8,0,53
story_reviews_00011,266,142,105,513
story_reviews_00012,8,0,0,8
story_reviews_00013,223,299,31,553
story_reviews_00014,158,107,3,268
story_reviews_00015,139,95,42,276
story_reviews_00016,37,126,25,188
story_reviews_00017,323,75,7,405
story_reviews_00018,141,21,1,163
story_reviews_00019,42,3,0,45
story_reviews_00020,32,4,0,36
story_reviews_00021,24,30,6,60
story_reviews_00022,90,4,0,94
story_reviews_00023,27,8,3,38
story_reviews_00024,95,18,0,113
story_reviews_00025,78,18,2,98
story_reviews_00026,35,7,0,42
story_reviews_00027,67,11,1,79
story_reviews_00028,202,272,100,574
story_reviews_00029,1048,381,49,1478
story_reviews_00030,17,18,1,36
story_reviews_00031,28,50,7,85
story_reviews_00032,93,117,9,219
story_reviews_00033,52,0,0,52
story_reviews_00034,19,1,0,20
story_reviews_00035,105,99,115,319
story_reviews_00036,19,3,0,22
story_reviews_00037,174,102,106,382
story_reviews_00038,42,11,1,54
story_reviews_00039,17,3,0,20
story_reviews_00040,103,15,0,118
story_reviews_00041,53,60,4,117
story_reviews_00042,103,17,2,122
story_reviews_00043,21,15,4,40
story_reviews_00044,8,0,0,8
story_reviews_00045,49,28,4,81
story_reviews_00046,142,93,13,248
story_reviews_00047,86,73,33,192
story_reviews_00048,25,9,1,35
story_reviews_00049,135,60,5,200
story_reviews_00050,490,155,6,651
story_reviews_00051,377,592,27,996
story_reviews_00052,96,42,13,151
story_reviews_00053,123,31,1,155
story_reviews_00054,124,21,1,146
story_reviews_00055,125,103,11,239
story_reviews_00056,200,164,10,374
story_reviews_00057,199,178,26,403
story_reviews_00058,104,134,15,253
story_reviews_00059,112,141,40,293
story_reviews_00060,49,26,1,76
story_reviews_00061,42,46,5,93
story_reviews_00062,10,19,1,30
story_reviews_00063,13,0,0,13
story_reviews_00064,71,36,2,109
story_reviews_00065,401,378,76,855
story_reviews_00066,498,246,26,770
story_reviews_00067,33,5,1,39
story_reviews_00068,39,5,0,44
story_reviews_00069,23,21,2,46
story_reviews_00070,142,51,12,205
story_reviews_00071,8,3,1,12
story_reviews_00072,61,6,1,68
story_reviews_00073,16,37,10,63
story_reviews_00074,157,101,15,273
story_reviews_00075,40,13,0,53
story_reviews_00076,194,14,2,210
story_reviews_00077,54,38,2,94
story_reviews_00078,63,10,2,75
story_reviews_00079,593,183,13,789
story_reviews_00080,55,9,1,65
story_reviews_00081,81,12,1,94
story_reviews_00082,86,63,3,152
story_reviews_00083,75,29,0,104
story_reviews_00084,426,218,13,657
story_reviews_00085,754,467,120,1341
story_reviews_00086,414,639,644,1697
story_reviews_00087,31,9,6,46
story_reviews_00088,108,72,24,204
story_reviews_00089,200,41,3,244
story_reviews_00090,79,31,0,110
story_reviews_00091,38,13,0,51
story_reviews_00092,22,2,54,78
story_reviews_00093,26,3,1,30
story_reviews_00094,57,5,1,63
story_reviews_00095,87,12,0,99
story_reviews_00096,55,2,0,57
story_reviews_00097,18,2,0,20
story_reviews_00098,245,108,11,364
story_reviews_00099,99,6,2,107
story_reviews_00100,113,118,24,255
story_reviews_00101,390,189,7,586
story_reviews_00102,290,146,27,463
story_reviews_00103,86,9,0,95
story_reviews_00104,85,82,2,169
story_reviews_00105,10,7,1,18
story_reviews_00106,395,226,56,677
story_reviews_00107,650,735,109,1494
story_reviews_00108,297,313,61,671
story_reviews_00109,9,9,0,18
story_reviews_00110,208,263,19,490
story_reviews_00111,75,5,0,80
story_reviews_00112,372,243,48,663
story_reviews_00113,27,1,0,28
story_reviews_00114,215,58,15,288
story_reviews_00115,94,2,0,96
story_reviews_00116,67,76,15,158
story_reviews_00117,442,110,12,564
story_reviews_00118,53,97,9,159
story_reviews_00119,26,26,3,55
story_reviews_00120,629,398,22,1049
story_reviews_00121,208,96,10,314
story_reviews_00122,56,0,0,56
story_reviews_00123,109,16,4,129
story_reviews_00124,155,160,27,342
story_reviews_00125,102,226,107,435
story_reviews_00126,273,67,4,344
story_reviews_00127,20,9,0,29
story_reviews_00128,165,62,28,255
story_reviews_00129,8,5,0,13
story_reviews_00130,183,52,12,247
story_reviews_00131,72,71,4,147
story_reviews_00132,6,8,0,14
story_reviews_00133,77,1,0,78
story_reviews_00134,84,96,5,185
story_reviews_00135,110,11,2,123
story_reviews_00136,256,117,10,383
story_reviews_00137,58,4,0,62
story_reviews_00138,141,82,19,242
story_reviews_00139,21,7,2,30
story_reviews_00140,244,66,1,311
story_reviews_00141,328,158,21,507
story_reviews_00142,354,216,44,614
story_reviews_00143,204,310,77,591
story_reviews_00144,83,16,2,101
story_reviews_00145,21,95,44,160
story_reviews_00146,19,76,9,104
story_reviews_00147,80,8,3,91
story_reviews_00148,1594,867,250,2711
story_reviews_00149,24,10,3,37
story_reviews_00150,79,29,4,112
story_reviews_00151,13,1,0,14
story_reviews_00152,61,3,0,64
story_reviews_00153,306,9,2,317
story_reviews_00154,333,198,37,568
story_reviews_00155,162,129,8,299
story_reviews_00156,22,38,5,65
story_reviews_00157,66,37,2,105
story_reviews_00158,76,12,0,88
story_reviews_00159,108,5,1,114
story_reviews_00160,665,370,13,1048
story_reviews_00161,229,58,5,292
story_reviews_00162,387,477,38,902
story_reviews_00163,98,24,4,126
story_reviews_00164,72,39,1,112
story_reviews_00165,184,71,11,266
story_reviews_00166,358,114,12,484
story_reviews_00167,15,11,0,26
story_reviews_00168,41,6,3,50
story_reviews_00169,211,30,2,243
story_reviews_00170,55,39,10,104
story_reviews_00171,161,48,2,211
story_reviews_00172,110,1,0,111
story_reviews_00173,2,0,0,2
story_reviews_00174,79,80,23,182
story_reviews_00175,50,5,0,55
story_reviews_00176,98,77,16,191
story_reviews_00177,124,89,7,220
story_reviews_00178,77,9,4,90
story_reviews_00179,401,215,89,705
story_reviews_00180,195,148,5,348
story_reviews_00181,164,18,0,182
story_reviews_00182,113,6,0,119
story_reviews_00183,307,41,10,358
story_reviews_00184,235,207,16,458
story_reviews_00185,811,594,47,1452
story_reviews_00186,62,36,3,101
story_reviews_00187,29,5,8,42
story_reviews_00188,122,58,7,187
story_reviews_00189,566,226,67,859
story_reviews_00190,158,58,8,224
story_reviews_00191,90,0,0,90
story_reviews_00192,84,25,10,119
story_reviews_00193,605,551,89,1245
story_reviews_00194,122,89,3,214
story_reviews_00195,354,323,39,716
story_reviews_00196,122,246,1,369
story_reviews_00197,403,355,43,801
story_reviews_00198,81,141,51,273
story_reviews_00199,87,3,0,90
story_reviews_00200,369,496,93,958
story_reviews_00201,46,29,0,75
story_reviews_00202,370,96,6,472
story_reviews_00203,71,116,5,192
story_reviews_00204,362,360,53,775
story_reviews_00205,38,137,1,176
story_reviews_00206,8,4,1,13
story_reviews_00207,422,275,218,915
story_reviews_00208,121,11,0,132
story_reviews_00209,100,7,0,107
story_reviews_00210,28,39,17,84
story_reviews_00211,167,143,12,322
story_reviews_00212,303,89,3,395
story_reviews_00213,5,2,0,7
story_reviews_00214,90,50,26,166
story_reviews_00215,62,1,0,63
story_reviews_00216,157,138,7,302
story_reviews_00217,2,0,0,2
story_reviews_00218,116,54,10,180
story_reviews_00219,59,48,14,121
story_reviews_00220,1,0,0,1
story_reviews_00221,23,72,12,107
story_reviews_00222,36,9,0,45
story_reviews_00223,386,276,18,680
story_reviews_00224,45,4,2,51
story_reviews_00225,15,14,0,29
story_reviews_00226,139,76,7,222
story_reviews_00227,550,416,62,1028
story_reviews_00228,30,16,4,50
story_reviews_00229,216,179,7,402
story_reviews_00230,76,1,0,77
story_reviews_00231,74,9,1,84
story_reviews_00232,57,85,8,150
story_reviews_00233,97,45,3,145
story_reviews_00234,47,104,6,157
story_reviews_00235,111,25,2,138
story_reviews_00236,642,414,22,1078
story_reviews_00237,69,13,0,82
story_reviews_00238,166,166,19,351
story_reviews_00239,346,139,8,493
story_reviews_00240,100,5,0,105
story_reviews_00241,1278,577,68,1923
story_reviews_00242,199,136,10,345
story_reviews_00243,102,59,7,168
story_reviews_00244,12,11,2,25
story_reviews_00245,5,1,0,6
story_reviews_00246,22,4,0,26
story_reviews_00247,227,56,9,292
story_reviews_00248,729,288,33,1050
story_reviews_00249,67,32,1,100
story_reviews_00250,146,97,26,269
story_reviews_00251,126,21,1,148
story_reviews_00252,79,95,1,175
story_reviews_00253,49,1,0,50
story_reviews_00254,253,254,32,539
story_reviews_00255,97,0,0,97
story_reviews_00256,1515,690,124,2329
story_reviews_00257,368,118,4,490
story_reviews_00258,47,144,2,193
story_reviews_00259,54,66,6,126
story_reviews_00260,40,51,11,102
story_reviews_00261,966,531,84,1581
story_reviews_00262,275,108,8,391
story_reviews_00263,78,77,14,169
story_reviews_00264,70,11,0,81
story_reviews_00265,54,41,5,100
story_reviews_00266,862,565,39,1466
story_reviews_00267,129,29,1,159
story_reviews_00268,74,73,2,149
story_reviews_00269,20,109,19,148
story_reviews_00270,15,3,0,18
story_reviews_00271,305,143,32,480
story_reviews_00272,503,454,77,1034
story_reviews_00273,75,23,0,98
story_reviews_00274,112,5,2,119
story_reviews_00275,75,83,7,165
story_reviews_00276,335,171,5,511
story_reviews_00277,537,158,20,715
story_reviews_00278,287,112,23,422
story_reviews_00279,76,56,14,146
story_reviews_00280,20,0,0,20
story_reviews_00281,12,6,2,20
story_reviews_00282,130,25,0,155
story_reviews_00283,49,14,2,65
story_reviews_00284,327,201,4,532
story_reviews_00285,148,32,2,182
story_reviews_00286,673,281,68,1022
story_reviews_00287,127,67,1,195
story_reviews_00288,22,12,2,36
story_reviews_00289,123,47,3,173
story_reviews_00290,541,109,11,661
story_reviews_00291,65,11,0,76
story_reviews_00292,94,25,0,119
story_reviews_00293,91,24,2,117
story_reviews_00294,289,19,4,312
story_reviews_00295,57,36,5,98
story_reviews_00296,57,14,2,73
story_reviews_00297,405,246,14,665
story_reviews_00298,13,7,0,20
story_reviews_00299,163,13,1,177
story_reviews_00300,121,28,13,162
story_reviews_00301,790,806,100,1696
story_reviews_00302,216,73,5,294
story_reviews_00303,35,40,0,75
story_reviews_00304,129,49,2,180
story_reviews_00305,45,4,0,49
story_reviews_00306,90,135,9,234
story_reviews_00307,234,170,5,409
story_reviews_00308,507,158,13,678
story_reviews_00309,220,33,0,253
story_reviews_00310,44,4,0,48
story_reviews_00311,156,11,0,167
story_reviews_00312,148,153,17,318
story_reviews_00313,130,6,0,136
story_reviews_00314,465,438,16,919
story_reviews_00315,96,47,3,146
story_reviews_00316,1396,1197,70,2663
story_reviews_00317,35,31,0,66
story_reviews_00318,558,259,41,858
story_reviews_00319,294,94,24,412
story_reviews_00320,132,61,10,203
story_reviews_00321,144,9,0,153
story_reviews_00322,146,194,19,359
story_reviews_00323,69,38,3,110
story_reviews_00324,391,131,5,527
story_reviews_00325,173,173,28,374
story_reviews_00326,185,53,3,241
story_reviews_00327,23,5,1,29
story_reviews_00328,332,50,12,394
story_reviews_00329,248,163,54,465
story_reviews_00330,26,3,0,29
story_reviews_00331,358,80,3,441
story_reviews_00332,3107,1159,70,4336
story_reviews_00333,50,47,3,100
story_reviews_00334,93,19,5,117
story_reviews_00335,245,4,6,255
story_reviews_00336,90,24,5,119
story_reviews_00337,13,3,0,16
story_reviews_00338,442,414,42,898
story_reviews_00339,161,130,15,306
story_reviews_00340,183,117,5,305
story_reviews_00341,432,52,6,490
story_reviews_00342,171,35,2,208
story_reviews_00343,179,26,0,205
story_reviews_00344,528,267,9,804
story_reviews_00345,43,6,0,49
story_reviews_00346,90,70,4,164
story_reviews_00347,474,73,3,550
story_reviews_00348,55,6,0,61
story_reviews_00349,127,135,20,282
story_reviews_00350,162,13,5,180
story_reviews_00351,611,191,10,812
story_reviews_00352,13,6,1,20
story_reviews_00353,1006,493,27,1526
story_reviews_00354,192,30,0,222
story_reviews_00355,188,116,19,323
story_reviews_00356,73,49,3,125
story_reviews_00357,73,1,1,75
story_reviews_00358,127,24,7,158
story_reviews_00359,208,14,2,224
story_reviews_00360,370,260,19,649
story_reviews_00361,90,50,17,157
story_reviews_00362,46,9,4,59
story_reviews_00363,103,2,0,105
story_reviews_00364,108,26,2,136
story_reviews_00365,140,76,6,222
story_reviews_00366,108,51,6,165
story_reviews_00367,230,10,1,241
story_reviews_00368,648,345,16,1009
story_reviews_00369,367,46,8,421
story_reviews_00370,90,75,14,179
story_reviews_00371,1280,826,59,2165
story_reviews_00372,35,10,0,45
story_reviews_00373,130,88,15,233
story_reviews_00374,212,127,35,374
story_reviews_00375,58,42,15,115
story_reviews_00376,167,11,1,179
story_reviews_00377,173,54,15,242
story_reviews_00378,145,180,82,407
story_reviews_00379,24,11,0,35
story_reviews_00380,190,112,22,324
story_reviews_00381,469,90,4,563
story_reviews_00382,24,15,0,39
story_reviews_00383,147,185,99,431
story_reviews_00384,331,71,10,412
story_reviews_00385,55,27,2,84
story_reviews_00386,594,106,15,715
story_reviews_00387,78,6,0,84
story_reviews_00388,297,264,14,575
story_reviews_00389,419,91,1,511
story_reviews_00390,152,34,7,193
story_reviews_00391,663,377,38,1078
story_reviews_00392,204,57,5,266
story_reviews_00393,337,210,20,567
story_reviews_00394,197,22,14,233
story_reviews_00395,133,57,4,194
story_reviews_00396,321,29,10,360
story_reviews_00397,732,54,10,796
story_reviews_00398,41,8,5,54
story_reviews_00399,237,11,0,248
story_reviews_00400,416,64,6,486
story_reviews_00401,96,9,0,105
story_reviews_00402,77,53,6,136
story_reviews_00403,182,22,2,206
story_reviews_00404,82,174,13,269
story_reviews_00405,207,155,3,365
story_reviews_00406,187,242,9,438
story_reviews_00407,113,65,31,209
story_reviews_00408,840,286,9,1135
story_reviews_00409,1876,1178,103,3157
story_reviews_00410,21,6,0,27
story_reviews_00411,178,215,16,409
story_reviews_00412,116,21,1,138
story_reviews_00413,115,9,0,124
story_reviews_00414,50,29,4,83
story_reviews_00415,687,392,33,1112
story_reviews_00416,20,6,0,26
story_reviews_00417,81,46,12,139
story_reviews_00418,803,808,80,1691
story_reviews_00419,17,11,0,28
story_reviews_00420,181,253,29,463
story_reviews_00421,62,10,0,72
story_reviews_00422,115,2,0,117
story_reviews_00423,231,7,1,239
story_reviews_00424,66,43,1,110
story_reviews_00425,113,60,8,181
story_reviews_00426,93,1,0,94
story_reviews_00427,31,1,0,32
story_reviews_00428,197,33,2,232
story_reviews_00429,120,87,5,212
story_reviews_00430,11,5,0,16
story_reviews_00431,95,28,2,125
story_reviews_00432,221,125,13,359
story_reviews_00433,227,39,4,270
story_reviews_00434,505,281,33,819
story_reviews_00435,493,147,5,645
story_reviews_00436,71,66,11,148
story_reviews_00437,209,38,3,250
story_reviews_00438,260,225,4,489
story_reviews_00439,64,46,9,119
story_reviews_00440,926,57,24,1007
story_reviews_00441,179,10,1,190
story_reviews_00442,394,804,108,1306
story_reviews_00443,64,68,21,153
story_reviews_00444,318,52,0,370
story_reviews_00445,270,131,13,414
story_reviews_00446,232,101,22,355
story_reviews_00447,93,171,0,264
story_reviews_00448,920,855,148,1923
story_reviews_00449,35,18,1,54
story_reviews_00450,68,70,2,140
story_reviews_00451,181,53,3,237
story_reviews_00452,178,148,6,332
story_reviews_00453,52,16,0,68
story_reviews_00454,40,2,0,42
story_reviews_00455,54,62,0,116
story_reviews_00456,38,105,22,165
story_reviews_00457,47,37,4,88
story_reviews_00458,69,46,0,115
story_reviews_00459,144,156,6,306
story_reviews_00460,30,27,1,58
story_reviews_00461,37,30,1,68
story_reviews_00462,231,15,2,248
story_reviews_00463,91,42,7,140
story_reviews_00464,148,18,0,166
story_reviews_00465,163,38,7,208
story_reviews_00466,130,43,13,186
story_reviews_00467,24,1,0,25
story_reviews_00468,51,12,2,65
story_reviews_00469,94,64,6,164
story_reviews_00470,683,175,15,873
story_reviews_00471,74,19,0,93
story_reviews_00472,106,46,0,152
story_reviews_00473,32,4,3,39
story_reviews_00474,471,699,105,1275
story_reviews_00475,443,41,6,490
story_reviews_00476,263,24,1,288
story_reviews_00477,58,88,4,150
story_reviews_00478,88,17,4,109
story_reviews_00479,127,56,3,186
story_reviews_00480,268,53,1,322
story_reviews_00481,359,705,29,1093
story_reviews_00482,35,28,1,64
story_reviews_00483,84,6,0,90
story_reviews_00484,406,37,7,450
story_reviews_00485,771,499,265,1535
story_reviews_00486,123,21,3,147
story_reviews_00487,604,430,27,1061
story_reviews_00488,142,46,1,189
story_reviews_00489,67,94,3,164
story_reviews_00490,10,0,0,10
story_reviews_00491,485,140,22,647
story_reviews_00492,79,10,3,92
story_reviews_00493,95,108,6,209
story_reviews_00494,43,10,0,53
story_reviews_00495,325,17,5,347
story_reviews_00496,113,13,5,131
story_reviews_00497,257,191,19,467
story_reviews_00498,115,10,0,125
story_reviews_00499,69,14,6,89
story_reviews_00500,362,159,17,538
story_reviews_00501,1,0,0,1
story_reviews_00502,42,10,0,52
story_reviews_00503,627,401,32,1060
story_reviews_00504,399,64,4,467
story_reviews_00505,193,37,18,248
story_reviews_00506,593,111,6,710
story_reviews_00507,95,84,5,184
story_reviews_00508,65,38,4,107
story_reviews_00509,414,46,10,470
story_reviews_00510,27,14,8,49
story_reviews_00511,143,79,4,226
story_reviews_00512,1172,504,77,1753
story_reviews_00513,109,75,19,203
story_reviews_00514,109,15,1,125
story_reviews_00515,39,3,0,42
story_reviews_00516,12,24,0,36
story_reviews_00517,35,23,0,58
story_reviews_00518,204,17,2,223
story_reviews_00519,130,5,0,135
story_reviews_00520,985,809,81,1875
story_reviews_00521,77,79,3,159
story_reviews_00522,1192,610,183,1985
story_reviews_00523,317,32,0,349
story_reviews_00524,175,14,1,190
story_reviews_00525,32,8,3,43
story_reviews_00526,0,0,0,0
story_reviews_00527,1504,464,47,2015
story_reviews_00528,183,270,19,472
story_reviews_00529,214,57,8,279
story_reviews_00530,57,10,0,67
story_reviews_00531,12,3,0,15
story_reviews_00532,42,10,0,52
story_reviews_00533,428,109,3,540
story_reviews_00534,49,28,3,80
story_reviews_00535,59,14,3,76
story_reviews_00536,96,38,6,140
story_reviews_00537,32,22,1,55
story_reviews_00538,454,269,64,787
story_reviews_00539,201,29,2,232
story_reviews_00540,32,7,0,39
story_reviews_00541,400,124,7,531
story_reviews_00542,15,1,0,16
story_reviews_00543,76,6,6,88
story_reviews_00544,165,34,3,202
story_reviews_00545,225,55,4,284
story_reviews_00546,66,13,3,82
story_reviews_00547,204,37,6,247
story_reviews_00548,570,79,1,650
story_reviews_00549,32,26,0,58
story_reviews_00550,487,69,3,559
story_reviews_00551,112,177,8,297
story_reviews_00552,16,3,0,19
story_reviews_00553,186,39,4,229
story_reviews_00554,66,16,1,83
story_reviews_00555,607,26,0,633
story_reviews_00556,196,41,3,240
story_reviews_00557,527,120,15,662
story_reviews_00558,288,92,7,387
story_reviews_00559,699,501,154,1354
story_reviews_00560,103,76,21,200
story_reviews_00561,508,103,10,621
story_reviews_00562,737,262,22,1021
story_reviews_00563,269,34,1,304
story_reviews_00564,145,48,4,197
story_reviews_00565,3,1,0,4
story_reviews_00566,133,25,1,159
story_reviews_00567,54,0,0,54
story_reviews_00568,385,59,10,454
story_reviews_00569,45,29,3,77
story_reviews_00570,680,114,8,802
story_reviews_00571,7,1,0,8
story_reviews_00572,79,15,0,94
story_reviews_00573,104,202,36,342
story_reviews_00574,30,33,3,66
story_reviews_00575,383,8,1,392
story_reviews_00576,1383,439,68,1890
story_reviews_00577,290,21,1,312
story_reviews_00578,83,66,2,151
story_reviews_00579,106,132,6,244
story_reviews_00580,32,28,1,61
story_reviews_00581,50,25,9,84
story_reviews_00582,152,7,2,161
story_reviews_00583,128,27,6,161
story_reviews_00584,108,38,9,155
story_reviews_00585,4,0,0,4
story_reviews_00586,191,40,18,249
story_reviews_00587,36,151,3,190
story_reviews_00588,101,206,39,346
story_reviews_00589,158,73,6,237
story_reviews_00590,120,28,4,152
story_reviews_00591,6,0,0,6
story_reviews_00592,54,49,17,120
story_reviews_00593,358,233,15,606
story_reviews_00594,80,24,5,109
story_reviews_00595,89,78,2,169
story_reviews_00596,46,15,1,62
story_reviews_00597,158,132,12,302
story_reviews_00598,22,23,0,45
story_reviews_00599,311,196,26,533
story_reviews_00600,771,128,10,909
story_reviews_00601,193,58,12,263
story_reviews_00602,104,29,2,135
story_reviews_00603,567,52,5,624
story_reviews_00604,916,228,20,1164
story_reviews_00605,118,2,0,120
story_reviews_00606,26,6,0,32
story_reviews_00607,4772,933,202,5907
story_reviews_00608,13,9,0,22
story_reviews_00609,178,57,3,238
story_reviews_00610,59,38,8,105
story_reviews_00611,12,2,0,14
story_reviews_00612,181,226,20,427
story_reviews_00613,788,274,37,1099
story_reviews_00614,104,90,2,196
story_reviews_00615,151,13,0,164
story_reviews_00616,626,156,8,790
story_reviews_00617,138,102,9,249
story_reviews_00618,93,38,2,133
story_reviews_00619,85,35,0,120
story_reviews_00620,227,23,2,252
story_reviews_00621,1021,75,1,1097
story_reviews_00622,638,306,24,968
story_reviews_00623,30,23,2,55
story_reviews_00624,3630,950,229,4809
story_reviews_00625,267,31,9,307
story_reviews_00626,8,4,0,12
story_reviews_00627,231,9,1,241
story_reviews_00628,503,136,12,651
story_reviews_00629,23,12,0,35
story_reviews_00630,108,5,1,114
story_reviews_00631,191,45,2,238
story_reviews_00632,59,6,4,69
story_reviews_00633,65,39,6,110
story_reviews_00634,12,4,0,16
story_reviews_00635,121,24,6,151
story_reviews_00636,202,50,2,254
story_reviews_00637,150,23,0,173
story_reviews_00638,34,3,0,37
story_reviews_00639,108,51,1,160
story_reviews_00640,133,98,3,234
story_reviews_00641,46,8,0,54
story_reviews_00642,707,206,22,935
story_reviews_00643,425,157,27,609
story_reviews_00644,326,415,27,768
story_reviews_00645,346,96,4,446
story_reviews_00646,847,468,162,1477
story_reviews_00647,87,93,4,184
story_reviews_00648,148,25,13,186
story_reviews_00649,111,55,2,168
story_reviews_00650,264,69,36,369
story_reviews_00651,137,40,1,178
story_reviews_00652,117,50,7,174
story_reviews_00653,105,9,0,114
story_reviews_00654,68,2,0,70
story_reviews_00655,31,23,1,55
story_reviews_00656,280,23,0,303
story_reviews_00657,619,465,41,1125
story_reviews_00658,150,63,4,217
story_reviews_00659,645,315,90,1050
story_reviews_00660,619,252,57,928
story_reviews_00661,112,40,7,159
story_reviews_00662,264,36,4,304
story_reviews_00663,669,140,31,840
story_reviews_00664,424,137,14,575
story_reviews_00665,40,80,8,128
story_reviews_00666,117,9,4,130
story_reviews_00667,765,345,23,1133
story_reviews_00668,197,130,34,361
story_reviews_00669,745,199,100,1044
story_reviews_00670,227,62,3,292
story_reviews_00671,47,14,0,61
story_reviews_00672,302,18,3,323
story_reviews_00673,207,37,1,245
story_reviews_00674,133,153,26,312
story_reviews_00675,131,90,23,244
story_reviews_00676,119,126,34,279
story_reviews_00677,159,52,9,220
story_reviews_00678,118,23,1,142
story_reviews_00679,280,37,4,321
story_reviews_00680,142,85,1,228
story_reviews_00681,509,100,2,611
story_reviews_00682,130,148,7,285
story_reviews_00683,218,134,26,378
story_reviews_00684,68,39,2,109
story_reviews_00685,360,745,175,1280
story_reviews_00686,112,72,3,187
story_reviews_00687,192,70,14,276
story_reviews_00688,35,17,12,64
story_reviews_00689,209,22,0,231
story_reviews_00690,113,53,10,176
story_reviews_00691,158,16,3,177
story_reviews_00692,133,116,56,305
story_reviews_00693,245,380,20,645
story_reviews_00694,180,50,9,239
story_reviews_00695,464,293,62,819
story_reviews_00696,148,28,17,193
story_reviews_00697,264,41,4,309
story_reviews_00698,329,184,32,545
story_reviews_00699,131,57,12,200
story_reviews_00700,125,32,0,157
story_reviews_00701,22,4,1,27
story_reviews_00702,316,172,21,509
story_reviews_00703,1177,374,77,1628
story_reviews_00704,52,36,15,103
story_reviews_00705,421,187,20,628
story_reviews_00706,81,125,18,224
story_reviews_00707,876,304,15,1195
story_reviews_00708,268,15,2,285
story_reviews_00709,74,6,4,84
story_reviews_00710,311,129,23,463
story_reviews_00711,10,10,1,21
story_reviews_00712,177,21,5,203
story_reviews_00713,2377,601,222,3200
story_reviews_00714,875,423,50,1348
story_reviews_00715,49,16,16,81
story_reviews_00716,310,127,4,441
story_reviews_00717,85,57,1,143
story_reviews_00718,96,20,3,119
story_reviews_00719,281,327,56,664
story_reviews_00720,90,21,13,124
story_reviews_00721,218,66,2,286
story_reviews_00722,864,373,66,1303
story_reviews_00723,35,8,1,44
story_reviews_00724,4053,1681,233,5967
story_reviews_00725,86,9,4,99
story_reviews_00726,232,19,0,251
story_reviews_00727,2,0,0,2
story_reviews_00728,72,34,2,108
story_reviews_00729,93,2,0,95
story_reviews_00730,345,78,1,424
story_reviews_00731,221,38,1,260
story_reviews_00732,104,1,1,106
story_reviews_00733,620,24,0,644
story_reviews_00734,117,1,0,118
story_reviews_00735,158,196,16,370
story_reviews_00736,304,2,1,307
story_reviews_00737,103,6,0,109
story_reviews_00738,84,10,2,96
story_reviews_00739,1038,468,125,1631
story_reviews_00740,158,16,5,179
story_reviews_00741,242,8,3,253
story_reviews_00742,47,7,2,56
story_reviews_00743,183,13,1,197
story_reviews_00744,31,0,2,33
story_reviews_00745,120,51,3,174
story_reviews_00746,66,19,1,86
story_reviews_00747,113,11,0,124
story_reviews_00748,126,1,2,129
story_reviews_00749,273,74,6,353
story_reviews_00750,50,30,1,81
story_reviews_00751,88,19,2,109
story_reviews_00752,177,28,18,223
story_reviews_00753,26,8,0,34
story_reviews_00754,294,202,35,531
story_reviews_00755,275,12,0,287
story_reviews_00756,259,255,35,549
story_reviews_00757,116,9,0,125
story_reviews_00758,184,0,1,185
story_reviews_00759,104,13,2,119
story_reviews_00760,48,2,0,50
story_reviews_00761,585,271,469,1325
story_reviews_00762,270,87,6,363
story_reviews_00763,115,42,3,160
story_reviews_00764,58,5,2,65
story_reviews_00765,64,1,0,65
story_reviews_00766,175,104,15,294
story_reviews_00767,288,22,0,310
story_reviews_00768,202,86,13,301
story_reviews_00769,559,76,33,668
story_reviews_00770,82,19,0,101
story_reviews_00771,54,13,0,67
story_reviews_00772,808,343,55,1206
story_reviews_00773,28,4,0,32
story_reviews_00774,1482,317,77,1876
story_reviews_00775,60,17,3,80
story_reviews_00776,195,29,1,225
story_reviews_00777,52,4,0,56
story_reviews_00778,93,3,2,98
story_reviews_00779,417,34,4,455
story_reviews_00780,162,66,12,240
story_reviews_00781,69,4,0,73
story_reviews_00782,289,27,8,324
story_reviews_00783,38,5,0,43
story_reviews_00784,49,8,0,57
story_reviews_00785,72,1,0,73
story_reviews_00786,294,167,26,487
story_reviews_00787,275,38,1,314
story_reviews_00788,205,82,17,304
story_reviews_00789,107,16,1,124
story_reviews_00790,209,53,6,268
story_reviews_00791,214,1,1,216
story_reviews_00792,175,62,11,248
story_reviews_00793,32,4,0,36
story_reviews_00794,189,6,0,195
story_reviews_00795,49,4,0,53
story_reviews_00796,312,5,0,317
story_reviews_00797,50,39,5,94
story_reviews_00798,90,6,1,97
story_reviews_00799,225,6,1,232
story_reviews_00800,48,17,0,65
story_reviews_00801,317,9,1,327
story_reviews_00802,355,47,3,405
story_reviews_00803,871,122,20,1013
story_reviews_00804,343,41,2,386
story_reviews_00805,220,4,0,224
story_reviews_00806,100,7,1,108
story_reviews_00807,153,12,0,165
story_reviews_00808,129,26,18,173
story_reviews_00809,458,170,4,632
story_reviews_00810,12,0,0,12
story_reviews_00811,500,438,66,1004
story_reviews_00812,161,22,6,189
story_reviews_00813,309,17,3,329
story_reviews_00814,28,8,0,36
story_reviews_00815,477,80,6,563
story_reviews_00816,121,44,0,165
story_reviews_00817,244,3,2,249
story_reviews_00818,492,26,1,519
story_reviews_00819,79,5,0,84
story_reviews_00820,19,1,0,20
story_reviews_00821,33,4,0,37
story_reviews_00822,106,14,7,127
story_reviews_00823,22,1,0,23
story_reviews_00824,86,9,1,96
story_reviews_00825,499,110,25,634
story_reviews_00826,169,8,2,179
story_reviews_00827,124,21,2,147
story_reviews_00828,137,14,1,152
story_reviews_00829,728,50,24,802
story_reviews_00830,368,80,112,560
story_reviews_00831,284,37,12,333
story_reviews_00832,751,68,2,821
story_reviews_00833,247,66,2,315
story_reviews_00834,19,14,2,35
story_reviews_00835,14,7,0,21
story_reviews_00836,59,6,0,65
story_reviews_00837,130,3,0,133
story_reviews_00838,129,3,5,137
story_reviews_00839,148,10,0,158
story_reviews_00840,398,116,17,531
story_reviews_00841,85,19,2,106
story_reviews_00842,76,2,0,78
story_reviews_00843,140,69,29,238
story_reviews_00844,201,10,2,213
story_reviews_00845,270,32,3,305
story_reviews_00846,35,1,0,36
story_reviews_00847,54,5,0,59
story_reviews_00848,412,42,0,454
story_reviews_00849,161,12,0,173
story_reviews_00850,135,6,0,141
story_reviews_00851,976,195,5,1176
story_reviews_00852,1091,160,2,1253
story_reviews_00853,128,4,0,132
story_reviews_00854,1112,15,0,1127
story_reviews_00855,25,0,0,25
story_reviews_00856,104,16,0,120
story_reviews_00857,389,81,12,482
story_reviews_00858,203,6,0,209
story_reviews_00859,237,26,0,263
story_reviews_00860,109,10,0,119
story_reviews_00861,127,15,2,144
story_reviews_00862,183,8,0,191
story_reviews_00863,80,7,0,87
story_reviews_00864,85,110,0,195
story_reviews_00865,166,3,0,169
story_reviews_00866,233,6,0,239
story_reviews_00867,204,6,2,212
story_reviews_00868,42,8,0,50
story_reviews_00869,54,10,0,64
story_reviews_00870,397,21,0,418
story_reviews_00871,198,66,0,264
story_reviews_00872,524,153,6,683
story_reviews_00873,63,7,0,70
story_reviews_00874,355,63,1,419
story_reviews_00875,225,8,0,233
story_reviews_00876,101,6,0,107
story_reviews_00877,79,14,0,93
story_reviews_00878,75,1,0,76
story_reviews_00879,79,32,0,111
story_reviews_00880,221,11,0,232
story_reviews_00881,9,1,0,10
story_reviews_00882,402,10,2,414
story_reviews_00883,171,16,0,187
story_reviews_00884,293,9,0,302
story_reviews_00885,10,0,0,10
story_reviews_00886,102,6,0,108
story_reviews_00887,226,10,1,237
story_reviews_00888,223,6,0,229
story_reviews_00889,287,67,0,354
story_reviews_00890,39,2,0,41
story_reviews_00891,16,2,0,18
story_reviews_00892,54,19,0,73
story_reviews_00893,1025,60,1,1086
story_reviews_00894,385,9,0,394
story_reviews_00895,72,8,0,80
story_reviews_00896,82,0,0,82
story_reviews_00897,63,0,0,63
story_reviews_00898,136,2,0,138
story_reviews_00899,59,67,3,129
story_reviews_00900,151,10,0,161
story_reviews_00901,220,18,0,238
story_reviews_00902,186,51,0,237
story_reviews_00903,132,14,0,146
story_reviews_00904,211,7,0,218
story_reviews_00905,424,34,0,458
story_reviews_00906,92,14,0,106
story_reviews_00907,348,50,0,398
story_reviews_00908,275,36,0,311
story_reviews_00909,37,6,0,43
story_reviews_00910,90,8,0,98
story_reviews_00911,182,21,0,203
story_reviews_00912,496,11,0,507
story_reviews_00913,28,2,0,30
story_reviews_00914,158,39,1,198
story_reviews_00915,204,54,2,260
story_reviews_00916,223,7,0,230
story_reviews_00917,19,0,0,19
story_reviews_00918,64,5,0,69
story_reviews_00919,1018,23,0,1041
story_reviews_00920,114,3,0,117
story_reviews_00921,459,151,28,638
story_reviews_00922,40,13,0,53
story_reviews_00923,181,3,0,184
story_reviews_00924,33,4,0,37
story_reviews_00925,130,9,0,139
story_reviews_00926,115,3,0,118
story_reviews_00927,16,3,0,19
story_reviews_00928,515,4,0,519
story_reviews_00929,97,1,0,98
story_reviews_00930,112,6,0,118
story_reviews_00931,1553,782,43,2378
story_reviews_00932,154,9,0,163
story_reviews_00933,64,7,0,71
story_reviews_00934,216,7,0,223
story_reviews_00935,23,1,0,24
story_reviews_00936,640,35,0,675
story_reviews_00937,423,53,0,476
story_reviews_00938,148,5,0,153
story_reviews_00939,367,29,5,401
story_reviews_00940,61,2,0,63
story_reviews_00941,173,7,2,182
story_reviews_00942,170,7,0,177
story_reviews_00943,595,4,0,599
story_reviews_00944,433,114,0,547
story_reviews_00945,102,3,0,105
story_reviews_00946,95,19,0,114
story_reviews_00947,604,12,0,616
story_reviews_00948,387,14,0,401
story_reviews_00949,121,29,1,151
story_reviews_00950,216,16,0,232
story_reviews_00951,129,14,0,143
story_reviews_00952,361,16,0,377
story_reviews_00953,188,11,0,199
story_reviews_00954,331,7,0,338
story_reviews_00955,337,41,0,378
story_reviews_00956,134,3,0,137
story_reviews_00957,75,10,0,85
story_reviews_00958,93,7,1,101
story_reviews_00959,132,16,0,148
story_reviews_00960,146,57,0,203
story_reviews_00961,91,18,0,109
story_reviews_00962,111,1,0,112
story_reviews_00963,103,2,0,105
story_reviews_00964,320,2,0,322
story_reviews_00965,155,3,0,158
story_reviews_00966,158,4,2,164
story_reviews_00967,24,1,0,25
story_reviews_00968,65,2,0,67
story_reviews_00969,153,11,0,164
story_reviews_00970,119,3,0,122
story_reviews_00971,62,0,0,62
story_reviews_00972,27,3,0,30
story_reviews_00973,136,4,0,140
story_reviews_00974,217,25,2,244
story_reviews_00975,28,0,0,28
story_reviews_00976,762,49,0,811
story_reviews_00977,39,9,0,48
story_reviews_00978,203,6,0,209
story_reviews_00979,78,1,0,79
story_reviews_00980,173,1,0,174
story_reviews_00981,116,5,0,121
story_reviews_00982,166,8,0,174
story_reviews_00983,573,95,0,668
story_reviews_00984,316,32,0,348
story_reviews_00985,179,10,1,190
story_reviews_00986,83,9,0,92
story_reviews_00987,346,11,0,357
story_reviews_00988,52,1,0,53
story_reviews_00989,307,11,0,318
story_reviews_00990,26,1,0,27
story_reviews_00991,62,14,0,76
story_reviews_00992,98,4,0,102
story_reviews_00993,51,8,0,59
story_reviews_00994,276,8,0,284
story_reviews_00995,187,10,0,197
story_reviews_00996,484,200,0,684
story_reviews_00997,704,131,1,836
story_reviews_00998,2,0,0,2
story_reviews_00999,104,6,0,110
story_reviews_01000,404,14,0,418
story_reviews_01001,187,28,0,215
story_reviews_01002,82,22,0,104
story_reviews_01003,139,3,0,142
story_reviews_01004,65,23,0,88
story_reviews_01005,138,1,0,139
story_reviews_01006,232,30,0,262
story_reviews_01007,1087,3,0,1090
story_reviews_01008,722,33,1,756
story_reviews_01009,296,35,0,331
story_reviews_01010,361,26,0,387
story_reviews_01011,107,3,0,110
story_reviews_01012,293,33,0,326
story_reviews_01013,566,162,0,728
story_reviews_01014,305,32,0,337
story_reviews_01015,38,2,0,40
story_reviews_01016,128,5,0,133
story_reviews_01017,522,23,0,545
story_reviews_01018,48,1,0,49
story_reviews_01019,895,1701,193,2789
story_reviews_01020,176,5,0,181
story_reviews_01021,275,15,0,290
story_reviews_01022,170,12,0,182
story_reviews_01023,5278,4039,853,10170
story_reviews_01024,432,42,0,474
story_reviews_01025,33,1,0,34
story_reviews_01026,359,51,0,410
story_reviews_01027,224,23,0,247
story_reviews_01028,624,119,14,757
story_reviews_01029,324,30,11,365
story_reviews_01030,107,12,2,121
story_reviews_01031,44,32,0,76
story_reviews_01032,183,17,0,200
story_reviews_01033,224,25,2,251
story_reviews_01034,80,11,0,91
story_reviews_01035,172,7,0,179
story_reviews_01036,249,8,0,257
story_reviews_01037,82,0,0,82
story_reviews_01038,339,34,0,373
story_reviews_01039,350,60,0,410
story_reviews_01040,91,13,0,104
story_reviews_01041,129,16,0,145
story_reviews_01042,109,8,0,117
story_reviews_01043,34,1,0,35
story_reviews_01044,134,7,0,141
story_reviews_01045,44,0,0,44
story_reviews_01046,66,13,0,79
story_reviews_01047,7,0,0,7
story_reviews_01048,12,3,0,15
story_reviews_01049,140,7,0,147
story_reviews_01050,53,11,0,64
story_reviews_01051,178,11,0,189
story_reviews_01052,215,12,0,227
story_reviews_01053,25,0,0,25
story_reviews_01054,187,7,0,194
story_reviews_01055,3,3,0,6
story_reviews_01056,82,10,0,92
story_reviews_01057,594,19,0,613
story_reviews_01058,258,51,0,309
story_reviews_01059,329,46,0,375
story_reviews_01060,362,45,0,407
story_reviews_01061,633,123,0,756
story_reviews_01062,87,8,0,95
story_reviews_01063,278,34,0,312
story_reviews_01064,321,19,0,340
story_reviews_01065,116,5,0,121
story_reviews_01066,146,5,0,151
story_reviews_01067,66,33,0,99
story_reviews_01068,4396,2177,1795,8368
story_reviews_01069,104,25,0,129
story_reviews_01070,18,0,0,18
story_reviews_01071,116,4,0,120
story_reviews_01072,282,13,0,295
story_reviews_01073,129,4,0,133
story_reviews_01074,240,6,0,246
story_reviews_01075,324,13,0,337
story_reviews_01076,575,32,0,607
story_reviews_01077,439,95,0,534
story_reviews_01078,264,17,0,281
story_reviews_01079,126,9,0,135
story_reviews_01081,197,54,4,255
story_reviews_01082,151,6,0,157
story_reviews_01083,111,6,0,117
story_reviews_01084,68,3,0,71
story_reviews_01085,97,4,0,101
story_reviews_01086,93,3,0,96
story_reviews_01087,201,4,0,205
story_reviews_01088,24,3,0,27
story_reviews_01089,702,64,0,766
story_reviews_01090,207,2,0,209
story_reviews_01091,135,8,1,144
story_reviews_01092,135,6,0,141
story_reviews_01093,318,16,0,334
story_reviews_01094,143,6,0,149
story_reviews_01095,125,8,0,133
story_reviews_01096,23,4,0,27
story_reviews_01097,133,6,0,139
story_reviews_01098,125,6,0,131
story_reviews_01099,77,3,0,80
story_reviews_01100,64,16,1,81
story_reviews_01101,301,11,0,312
story_reviews_01102,188,13,0,201
story_reviews_01103,137,3,0,140
story_reviews_01104,76,32,0,108
story_reviews_01105,279,71,1,351
story_reviews_01106,468,24,0,492
story_reviews_01107,125,3,0,128
story_reviews_01108,103,13,0,116
story_reviews_01109,28,1,0,29
story_reviews_01110,43,3,0,46
story_reviews_01111,23,2,0,25
story_reviews_01112,251,9,0,260
story_reviews_01113,191,5,0,196
story_reviews_01114,36,20,0,56
story_reviews_01115,79,13,0,92
story_reviews_01116,206,3,0,209
story_reviews_01117,127,75,0,202
story_reviews_01118,302,10,0,312
story_reviews_01119,62,0,0,62
story_reviews_01120,79,1,0,80
story_reviews_01121,266,52,0,318
story_reviews_01122,78,16,0,94
story_reviews_01123,135,11,0,146
story_reviews_01124,76,36,0,112
story_reviews_01125,615,27,0,642
story_reviews_01126,152,4,0,156
story_reviews_01127,1052,732,581,2365
story_reviews_01128,99,2,0,101
story_reviews_01129,160,22,5,187
story_reviews_01130,132,11,3,146
story_reviews_01131,120,5,0,125
story_reviews_01132,102,2,0,104
story_reviews_01133,173,0,0,173
story_reviews_01134,109,32,0,141
story_reviews_01135,168,1,0,169
story_reviews_01136,50,2,0,52
story_reviews_01137,69,34,1,104
story_reviews_01138,215,7,0,222
story_reviews_01139,220,16,1,237
story_reviews_01140,268,26,0,294
story_reviews_01141,15,0,0,15
story_reviews_01142,74,3,0,77
story_reviews_01143,231,94,0,325
story_reviews_01144,175,11,0,186
story_reviews_01145,118,8,0,126
story_reviews_01146,27,5,0,32
story_reviews_01147,59,2,0,61
story_reviews_01148,767,51,0,818
story_reviews_01149,1266,57,0,1323
story_reviews_01150,156,2,0,158
story_reviews_01151,152,0,0,152
story_reviews_01152,204,0,0,204
story_reviews_01153,88,17,0,105
story_reviews_01154,20,0,0,20
story_reviews_01155,295,13,0,308
story_reviews_01156,26,3,0,29
story_reviews_01157,44,11,0,55
story_reviews_01158,50,2,0,52
story_reviews_01159,65,23,44,132
story_reviews_01160,262,30,3,295
story_reviews_01161,114,15,0,129
story_reviews_01162,454,47,0,501
story_reviews_01163,178,6,0,184
story_reviews_01164,108,1,0,109
story_reviews_01165,14,6,1,21
story_reviews_01166,15,0,0,15
story_reviews_01167,101,16,0,117
story_reviews_01168,75,9,0,84
story_reviews_01169,608,267,0,875
story_reviews_01170,682,32,0,714
story_reviews_01171,266,152,139,557
story_reviews_01172,169,4,0,173
story_reviews_01173,68,5,0,73
story_reviews_01174,1023,95,3,1121
story_reviews_01175,403,6,0,409
story_reviews_01176,240,33,0,273
story_reviews_01177,1218,34,0,1252
story_reviews_01178,30,0,0,30
story_reviews_01179,406,10,0,416
story_reviews_01180,15,2,0,17
story_reviews_01181,797,51,0,848
story_reviews_01182,376,10,0,386
story_reviews_01183,279,21,0,300
story_reviews_01184,181,3,0,184
story_reviews_01185,107,43,0,150
story_reviews_01186,15,2,0,17
story_reviews_01187,61,35,0,96
story_reviews_01188,181,13,0,194
story_reviews_01189,282,10,0,292
story_reviews_01190,122,10,0,132
story_reviews_01191,13,0,0,13
story_reviews_01192,227,9,0,236
story_reviews_01193,164,3,0,167
story_reviews_01194,542,8,0,550
story_reviews_01195,867,3,0,870
story_reviews_01196,33,19,0,52
story_reviews_01197,166,5,0,171
story_reviews_01198,139,2,0,141
story_reviews_01199,117,1,0,118
story_reviews_01202,373,8,0,381
story_reviews_01203,299,5,0,304
story_reviews_01204,295,5,0,300
story_reviews_01205,44,0,0,44
story_reviews_01206,145,7,0,152
story_reviews_01207,65,13,0,78
story_reviews_01208,110,1,0,111
story_reviews_01209,790,61,0,851
story_reviews_01210,189,8,0,197
story_reviews_01211,201,2,0,203
story_reviews_01212,168,10,0,178
story_reviews_01213,82,11,0,93
story_reviews_01214,329,16,3,348
story_reviews_01215,525,17,0,542
story_reviews_01216,167,36,0,203
story_reviews_01217,502,14,0,516
story_reviews_01218,22,10,0,32
story_reviews_01219,163,2,0,165
story_reviews_01220,174,1,0,175
story_reviews_01221,108,7,0,115
story_reviews_01222,89,14,0,103
story_reviews_01223,50,3,0,53
story_reviews_01224,127,20,0,147
story_reviews_01225,60,31,0,91
story_reviews_01226,180,5,0,185
story_reviews_01227,392,10,0,402
story_reviews_01228,108,10,0,118
story_reviews_01229,691,59,0,750
story_reviews_01230,74,0,0,74
story_reviews_01231,59,1,0,60
story_reviews_01232,121,5,0,126
story_reviews_01233,132,3,0,135
story_reviews_01234,90,1,0,91
story_reviews_01235,196,10,0,206
story_reviews_01236,143,7,2,152
story_reviews_01237,133,6,0,139
story_reviews_01238,124,2,0,126
story_reviews_01239,82,32,1,115
story_reviews_01240,335,6,0,341
story_reviews_01241,18,3,0,21
story_reviews_01242,34,17,0,51
story_reviews_01243,25,0,0,25
story_reviews_01244,29,0,0,29
story_reviews_01245,1,0,0,1
story_reviews_01246,17,3,0,20
story_reviews_01247,98,0,0,98
story_reviews_01248,80,12,0,92
story_reviews_01249,127,2,0,129
story_reviews_01250,80,0,0,80
story_reviews_01251,1040,474,46,1560
story_reviews_01252,360,17,0,377
story_reviews_01253,11,0,6,17
story_reviews_01254,108,0,0,108
story_reviews_01255,13,0,0,13
story_reviews_01256,197,12,0,209
story_reviews_01257,112,57,0,169
story_reviews_01258,40,7,0,47
story_reviews_01259,86,0,0,86
story_reviews_01260,41,3,0,44
story_reviews_01261,187,1,0,188
story_reviews_01262,11,2,0,13
story_reviews_01263,270,11,0,281
story_reviews_01264,824,10,0,834
story_reviews_01265,39,7,0,46
story_reviews_01266,433,39,0,472
story_reviews_01267,127,9,0,136
story_reviews_01268,216,12,0,228
story_reviews_01269,186,6,0,192
story_reviews_01270,302,24,0,326
story_reviews_01271,105,2,0,107
story_reviews_01272,56,0,0,56
story_reviews_01273,1,0,0,1
story_reviews_01274,260,28,0,288
story_reviews_01275,186,53,160,399
story_reviews_01276,192,4,0,196
story_reviews_01277,591,101,0,692
story_reviews_01278,273,15,0,288
story_reviews_01279,100,3,0,103
story_reviews_01280,478,14,0,492
story_reviews_01281,116,2,0,118
story_reviews_01282,205,2,0,207
story_reviews_01283,104,18,0,122
story_reviews_01284,6,3,0,9
story_reviews_01285,580,30,0,610
story_reviews_01286,494,91,0,585
story_reviews_01287,171,35,0,206
story_reviews_01288,163,31,0,194
story_reviews_01289,484,27,0,511
story_reviews_01290,9,2,0,11
story_reviews_01291,429,6,0,435
story_reviews_01292,316,15,0,331
story_reviews_01293,48,2,0,50
story_reviews_01294,271,23,0,294
story_reviews_01295,12,0,0,12
story_reviews_01296,152,5,0,157
story_reviews_01297,475,16,0,491
story_reviews_01298,221,14,0,235
story_reviews_01299,30,7,0,37
story_reviews_01300,76,0,0,76
story_reviews_01301,126,1,0,127
story_reviews_01302,79,9,0,88
story_reviews_01303,278,7,0,285
story_reviews_01304,201,34,0,235
story_reviews_01306,148,5,0,153
story_reviews_01307,118,81,5,204
story_reviews_01308,292,5,0,297
story_reviews_01309,90,13,0,103
story_reviews_01310,487,9,0,496
story_reviews_01311,181,3,0,184
story_reviews_01312,13,14,1,28
story_reviews_01313,72,0,0,72
story_reviews_01314,235,24,0,259
story_reviews_01315,108,0,0,108
story_reviews_01316,24,1,0,25
story_reviews_01317,39,1,0,40
story_reviews_01318,266,5,0,271
story_reviews_01319,8,4,0,12
story_reviews_01320,119,6,0,125
story_reviews_01321,43,2,1,46
story_reviews_01322,97,4,0,101
story_reviews_01323,115,3,0,118
story_reviews_01324,64,3,0,67
story_reviews_01325,63,12,0,75
story_reviews_01326,115,20,0,135
story_reviews_01327,12,0,0,12
story_reviews_01328,368,55,0,423
story_reviews_01329,432,54,0,486
story_reviews_01330,14,12,0,26
story_reviews_01331,327,9,0,336
story_reviews_01332,173,20,0,193
story_reviews_01333,210,56,2,268
story_reviews_01334,98,1,0,99
story_reviews_01336,302,3,0,305
story_reviews_01337,201,46,0,247
story_reviews_01338,12,0,0,12
story_reviews_01339,365,47,0,412
story_reviews_01340,166,6,0,172
story_reviews_01341,184,6,0,190
story_reviews_01342,84,2,2,88
story_reviews_01343,241,45,5,291
story_reviews_01344,280,4,0,284
story_reviews_01345,291,0,0,291
story_reviews_01346,253,5,0,258
story_reviews_01347,22,3,0,25
story_reviews_01348,167,3,0,170
story_reviews_01349,137,13,0,150
story_reviews_01350,102,10,0,112
story_reviews_01351,21,0,0,21
story_reviews_01352,2,0,2,4
story_reviews_01353,76,7,0,83
story_reviews_01354,121,17,2,140
story_reviews_01355,83,5,0,88
story_reviews_01356,49,4,0,53
story_reviews_01357,199,9,0,208
story_reviews_01358,132,16,0,148
story_reviews_01359,61,16,0,77
story_reviews_01360,108,1,0,109
story_reviews_01361,340,2,0,342
story_reviews_01362,251,11,0,262
story_reviews_01363,391,14,0,405
story_reviews_01364,45,3,0,48
story_reviews_01365,154,15,0,169
story_reviews_01366,64,2,0,66
story_reviews_01367,104,4,0,108
story_reviews_01368,282,10,0,292
story_reviews_01369,619,57,2,678
story_reviews_01370,0,0,0,0
story_reviews_01371,4,0,0,4
story_reviews_01372,100,3,0,103
story_reviews_01373,81,5,0,86
story_reviews_01374,125,3,0,128
story_reviews_01375,193,19,0,212
story_reviews_01376,35,4,0,39
story_reviews_01377,819,110,53,982
story_reviews_01378,57,12,0,69
story_reviews_01379,439,1,0,440
story_reviews_01380,6,0,0,6
story_reviews_01381,219,3,0,222
story_reviews_01382,182,25,0,207
story_reviews_01383,134,5,0,139
story_reviews_01384,2,2,0,4
story_reviews_01385,104,1,0,105
story_reviews_01386,102,39,0,141
story_reviews_01387,201,26,0,227
story_reviews_01388,93,0,0,93
story_reviews_01389,189,6,0,195
story_reviews_01390,137,6,0,143
story_reviews_01391,185,1,1,187
story_reviews_01392,43,7,0,50
story_reviews_01393,58,10,0,68
story_reviews_01394,48,0,0,48
story_reviews_01395,39,0,0,39
story_reviews_01396,40,0,0,40
story_reviews_01397,173,6,0,179
story_reviews_01398,5,0,0,5
story_reviews_01399,64,4,0,68
story_reviews_01400,53,4,0,57
story_reviews_01401,115,6,0,121
story_reviews_01402,150,1,0,151
story_reviews_01403,52,3,0,55
story_reviews_01404,3,0,0,3
story_reviews_01405,867,81,5,953
story_reviews_01406,490,6,0,496
story_reviews_01407,537,11,0,548
story_reviews_01408,125,11,0,136
story_reviews_01409,54,2,0,56
story_reviews_01410,72,6,0,78
story_reviews_01411,153,14,0,167
story_reviews_01412,472,6,0,478
story_reviews_01413,63,10,0,73
story_reviews_01414,190,2,0,192
story_reviews_01415,0,0,0,0
story_reviews_01416,28,3,0,31
story_reviews_01417,80,0,0,80
story_reviews_01418,165,8,0,173
story_reviews_01419,11,0,0,11
story_reviews_01420,372,26,0,398
story_reviews_01421,326,1,0,327
story_reviews_01422,59,6,0,65
story_reviews_01423,71,1,0,72
story_reviews_01424,143,7,0,150
story_reviews_01425,114,2,0,116
story_reviews_01426,365,93,9,467
story_reviews_01427,99,4,0,103
story_reviews_01428,419,1,0,420
story_reviews_01429,229,0,0,229
story_reviews_01430,481,7,0,488
story_reviews_01431,204,6,0,210
story_reviews_01432,4,2,0,6
story_reviews_01433,269,13,0,282
story_reviews_01434,72,78,24,174
story_reviews_01435,257,4,0,261
story_reviews_01436,1638,570,41,2249
story_reviews_01437,172,16,0,188
story_reviews_01438,491,17,0,508
story_reviews_01439,385,2,0,387
story_reviews_01440,228,4,0,232
story_reviews_01441,50,9,0,59
story_reviews_01442,51,0,0,51
story_reviews_01443,28,2,0,30
story_reviews_01444,91,1,0,92
story_reviews_01445,19,1,0,20
story_reviews_01446,97,3,0,100
story_reviews_01447,51,11,0,62
story_reviews_01448,18,1,1,20
story_reviews_01449,190,16,0,206
story_reviews_01450,144,1,0,145
story_reviews_01451,137,5,0,142
story_reviews_01452,186,10,0,196
story_reviews_01453,216,3,0,219
story_reviews_01454,840,50,0,890
story_reviews_01455,434,39,9,482
story_reviews_01456,86,14,0,100
story_reviews_01459,97,4,0,101
story_reviews_01460,46,4,0,50
story_reviews_01461,57,2,0,59
story_reviews_01462,38,1,0,39
story_reviews_01463,55,10,0,65
story_reviews_01464,239,8,0,247
story_reviews_01465,0,0,0,0
story_reviews_01466,258,6,0,264
story_reviews_01467,278,2,0,280
story_reviews_01468,308,35,0,343
story_reviews_01469,188,19,0,207
story_reviews_01471,318,21,0,339
story_reviews_01472,212,18,0,230
story_reviews_01473,172,13,0,185
story_reviews_01474,212,9,0,221
story_reviews_01475,157,9,0,166
story_reviews_01476,100,17,0,117
story_reviews_01477,292,118,123,533
story_reviews_01478,87,7,0,94
story_reviews_01479,56,5,0,61
story_reviews_01480,95,4,0,99
story_reviews_01481,839,14,0,853
story_reviews_01482,20,1,0,21
story_reviews_01483,54,3,0,57
story_reviews_01484,66,0,0,66
story_reviews_01485,9,1,0,10
story_reviews_01486,20,5,0,25
story_reviews_01487,76,2,0,78
story_reviews_01488,5025,3421,1946,10392
story_reviews_01489,62,9,0,71
story_reviews_01490,460,23,0,483
story_reviews_01491,64,12,0,76
story_reviews_01492,103,0,0,103
story_reviews_01493,29,2,0,31
story_reviews_01494,754,16,0,770
story_reviews_01495,94,3,0,97
story_reviews_01496,960,4,0,964
story_reviews_01497,46,0,0,46
story_reviews_01498,190,0,0,190
story_reviews_01499,273,3,0,276
story_reviews_01500,1,0,0,1
story_reviews_01501,257,34,0,291
story_reviews_01502,181,19,0,200
story_reviews_01503,235,7,0,242
story_reviews_01504,590,3,0,593
story_reviews_01505,217,5,0,222
story_reviews_01506,52,2,0,54
story_reviews_01507,0,0,0,0
story_reviews_01508,41,6,0,47
story_reviews_01509,185,10,0,195
story_reviews_01510,782,61,7,850
story_reviews_01511,152,6,0,158
story_reviews_01512,285,8,0,293
story_reviews_01513,365,11,0,376
story_reviews_01514,193,1,0,194
story_reviews_01515,105,1,0,106
story_reviews_01516,40,3,0,43
story_reviews_01517,107,1,0,108
story_reviews_01518,535,4,0,539
story_reviews_01519,99,3,0,102
story_reviews_01520,115,1,0,116
story_reviews_01521,168,8,0,176
story_reviews_01522,396,21,0,417
story_reviews_01523,537,63,0,600
story_reviews_01524,205,8,0,213
story_reviews_01525,1018,45,1,1064
story_reviews_01526,106,6,0,112
story_reviews_01527,3372,649,42,4063
story_reviews_01528,86,9,0,95
story_reviews_01529,196,31,0,227
story_reviews_01530,12,0,0,12
story_reviews_01531,18,0,0,18
story_reviews_01532,362,13,0,375
story_reviews_01533,55,0,0,55
story_reviews_01534,343,43,0,386
story_reviews_01535,17,0,0,17
story_reviews_01536,133,1,0,134
story_reviews_01537,240,10,0,250
story_reviews_01538,15,0,0,15
story_reviews_01539,102,2,0,104
story_reviews_01540,89,3,13,105
story_reviews_01541,27,0,0,27
story_reviews_01542,8,3,0,11
story_reviews_01543,74,0,0,74
story_reviews_01544,4,0,0,4
story_reviews_01546,148,36,0,184
story_reviews_01547,12,12,0,24
story_reviews_01548,36,0,0,36
story_reviews_01549,683,1,0,684
story_reviews_01550,38,0,0,38
story_reviews_01551,96,11,0,107
story_reviews_01552,86,3,0,89
story_reviews_01553,195,1,0,196
story_reviews_01554,58,1,0,59
story_reviews_01555,130,62,50,242
story_reviews_01556,79,2,0,81
story_reviews_01557,125,6,0,131
story_reviews_01558,163,8,0,171
story_reviews_01559,216,10,0,226
story_reviews_01560,207,0,0,207
story_reviews_01561,166,6,0,172
story_reviews_01562,94,2,0,96
story_reviews_01563,54,4,0,58
story_reviews_01564,21,1,0,22
story_reviews_01565,360,0,0,360
story_reviews_01566,98,2,2,102
story_reviews_01567,156,38,43,237
story_reviews_01568,18,1,0,19
story_reviews_01569,91,8,0,99
story_reviews_01570,124,1,0,125
story_reviews_01571,237,27,0,264
story_reviews_01572,53,0,0,53
story_reviews_01573,126,4,0,130
story_reviews_01574,24,5,0,29
story_reviews_01575,213,28,0,241
story_reviews_01576,45,1,0,46
story_reviews_01577,209,20,0,229
story_reviews_01578,28,1,0,29
story_reviews_01579,24,0,0,24
story_reviews_01580,74,0,0,74
story_reviews_01581,24,0,0,24
story_reviews_01582,117,7,0,124
story_reviews_01583,299,6,0,305
story_reviews_01584,136,4,0,140
story_reviews_01585,11,0,0,11
story_reviews_01586,78,0,0,78
story_reviews_01587,24,1,0,25
story_reviews_01588,85,2,0,87
story_reviews_01589,70,0,0,70
story_reviews_01590,213,0,0,213
story_reviews_01591,290,4,0,294
story_reviews_01592,803,16,0,819
story_reviews_01593,519,6,0,525
story_reviews_01594,120,3,0,123
story_reviews_01595,103,1,0,104
story_reviews_01596,231,9,0,240
story_reviews_01597,73,3,0,76
story_reviews_01598,69,0,0,69
story_reviews_01599,38,0,0,38
story_reviews_01600,3,0,0,3
story_reviews_01601,116,3,0,119
story_reviews_01602,0,0,0,0
story_reviews_01603,93,0,0,93
story_reviews_01604,76,5,0,81
story_reviews_01605,350,2,0,352
story_reviews_01606,15,1,0,16
story_reviews_01607,36,10,0,46
story_reviews_01608,145,2,0,147
story_reviews_01609,84,3,0,87
story_reviews_01610,51,1,0,52
story_reviews_01611,396,23,0,419
story_reviews_01612,180,3,0,183
story_reviews_01613,89,4,0,93
story_reviews_01614,88,1,0,89
story_reviews_01615,67,2,0,69
story_reviews_01616,67,5,0,72
story_reviews_01617,24,0,0,24
story_reviews_01618,117,0,0,117
story_reviews_01619,95,2,0,97
story_reviews_01620,158,5,0,163
story_reviews_01621,89,1,0,90
story_reviews_01622,135,3,0,138
story_reviews_01623,1461,420,24,1905
story_reviews_01624,35,0,0,35
story_reviews_01625,43,0,0,43
story_reviews_01626,139,6,0,145
story_reviews_01627,145,3,0,148
story_reviews_01628,172,12,0,184
story_reviews_01629,58,0,0,58
story_reviews_01630,80,2,0,82
story_reviews_01631,91,4,0,95
story_reviews_01632,42,0,0,42
story_reviews_01633,130,6,0,136
story_reviews_01634,96,3,0,99
story_reviews_01635,81,1,0,82
story_reviews_01636,74,11,0,85
story_reviews_01637,99,4,0,103
story_reviews_01638,79,6,0,85
story_reviews_01639,83,11,0,94
story_reviews_01640,34,0,0,34
story_reviews_01641,213,95,10,318
story_reviews_01642,0,0,0,0
story_reviews_01643,238,16,0,254
story_reviews_01644,316,25,0,341
story_reviews_01645,114,8,0,122
story_reviews_01646,206,13,0,219
story_reviews_01647,64,2,0,66
story_reviews_01648,83,2,0,85
story_reviews_01649,53,1,0,54
story_reviews_01650,41,1,0,42
story_reviews_01651,17,0,0,17
story_reviews_01652,55,3,0,58
story_reviews_01653,59,3,0,62
story_reviews_01654,143,16,7,166
story_reviews_01655,27,3,0,30
story_reviews_01656,249,17,1,267
story_reviews_01657,309,11,0,320
story_reviews_01658,49,5,0,54
story_reviews_01659,33,1,0,34
story_reviews_01660,27,0,0,27
story_reviews_01661,309,3,0,312
story_reviews_01662,293,26,19,338
story_reviews_01663,17,2,0,19
story_reviews_01664,106,1,0,107
story_reviews_01665,18,0,0,18
story_reviews_01666,659,97,25,781
story_reviews_01667,80,4,0,84
story_reviews_01668,85,2,0,87
story_reviews_01669,78,1,0,79
story_reviews_01670,123,20,1,144
story_reviews_01671,48,2,0,50
story_reviews_01672,139,9,0,148
story_reviews_01673,39,0,0,39
story_reviews_01674,23,0,0,23
story_reviews_01675,47,0,0,47
story_reviews_01676,3623,1611,3420,8654
story_reviews_01677,10,4,0,14
story_reviews_01678,123,16,2,141
story_reviews_01679,59,0,0,59
story_reviews_01680,88,0,0,88
story_reviews_01681,71,10,0,81
story_reviews_01682,27,2,0,29
story_reviews_01683,123,2,0,125
story_reviews_01684,81,5,0,86
story_reviews_01685,41,2,0,43
story_reviews_01686,33,0,0,33
story_reviews_01687,45,1,0,46
story_reviews_01688,58,5,0,63
story_reviews_01689,61,0,0,61
story_reviews_01690,178,14,0,192
story_reviews_01691,5050,6008,4183,15241
story_reviews_01692,105,11,0,116
story_reviews_01693,98,5,0,103
story_reviews_01694,105,11,0,116
story_reviews_01695,96,0,0,96
story_reviews_01697,55,1,0,56
story_reviews_01698,139,14,0,153
story_reviews_01699,193,4,0,197
